horizon_seconds,horizon_steps,rows,train_rows,test_rows,train_mse,train_mae,train_rmse,train_r2,test_mse,test_mae,test_rmse,test_r2
3,30,2910000,2328000,582000,675.3610302853058,18.303667273636247,25.98770921580634,0.9937913304555792,678.8132929096323,18.29554904020083,26.054045615021717,0.9937548943101384
9,90,2850000,2280000,570000,1416.5140880530053,26.994384371111046,37.63660569250374,0.9867648551995856,1417.3492387526549,26.99334043278576,37.647698983505684,0.9867703018248729
30,300,2640000,2112000,528000,4772.763703329042,50.008279289971654,69.08519163561061,0.9529223973901597,4768.183425663586,50.06196363610181,69.0520341891793,0.9531277319552804
60,600,2340000,1872000,468000,10553.225769895756,75.60336611111636,102.7288945228934,0.8878430124976942,10547.16117843496,75.65054144621996,102.6993728239611,0.8879909054660287
120,1200,1740000,1392000,348000,22067.70839409601,111.5812809484057,148.5520393468094,0.7207454316327677,22079.744745077995,111.50084763096474,148.59254606163123,0.7208546319033851
